Thomas_ID;Progressive_ID;N Pole;N Hemi;S Hemi;S Pole;Plains;Crater;C_Floor;C_Peak;C_Ejecta;LRM_blue;LRM_Klima;Pits;Tectonics;C_Walls;HP 180;HP 0;Infill;Putative;_EL_mean;_EL_median;_EL_min;_EL_max;X;Y
1001;1;0;1;0;0;0;1;0;1;0;1;0;0;0;0;0;1;0;0;-1641.79685560612;-1646.5;-1846.5;-1318.5;-55.184;37.389
1000;2;0;1;0;0;0;1;1;0;0;1;1;0;1;0;0;1;0;1;-89.728021978022;-12.75;-769.5;330;-54.916;45.358
1009;3;0;1;0;0;0;1;1;1;0;1;1;0;0;0;0;1;0;0;-581.742706766917;-606;-939.5;-33;-54.531;40.422
1010;4;0;1;0;0;0;1;0;0;1;1;0;0;0;0;0;1;0;1;-722.830396475771;-741.25;-906.5;-565.5;-53.861;30.104
1008;5;0;1;0;0;0;1;0;0;0;1;1;0;0;1;0;1;0;1;92.3950177935943;119;-109;195.5;-55.055;45.976
1013;6;0;1;0;0;0;1;1;0;0;1;0;1;1;0;0;1;1;0;-979.97467948718;-1036.5;-1717.5;1105.5;-59.96;27.356
1014;7;0;1;0;0;0;1;1;0;0;1;0;0;0;0;0;1;0;0;-1087.76376068376;-1293;-1526;964.5;-54.002;22.074
1015;8;0;1;0;0;0;1;1;0;0;1;0;1;1;0;0;1;1;0;-1267.03776276276;-1283;-1626.5;-889.5;-56.597;12.603
1016;9;0;1;0;0;0;1;1;0;0;0;0;1;0;0;0;1;1;0;-1204.00822561692;-1187.5;-1500.5;-927;-55.88;5.313
1017;10;0;1;0;0;0;1;1;0;0;0;0;1;0;0;0;1;0;0;-1501.44545849631;-1520.5;-1857;-506;-54.397;4.298
1019;11;0;1;0;0;0;1;1;1;0;1;0;0;0;0;0;1;0;1;-970.861445783133;-977;-1000.5;-908.5;-50.126;11.559
1020;12;0;1;0;0;0;1;1;1;0;0;0;1;0;1;0;1;1;0;-2550.50145810382;-2756;-3122;383;-48.685;15.565
1024;13;0;1;0;0;0;1;1;0;1;0;0;1;0;1;0;1;0;0;-1120.64367816092;-1368.5;-1502;364.5;-56.288;3.724
1025;14;0;0;1;0;1;0;0;0;0;1;1;0;1;0;0;1;;1;214.975357710652;231.5;-318.5;578.5;-51.948;-27.271
1026;15;0;0;1;0;0;1;0;1;0;1;1;0;0;0;0;1;0;1;-2323.96214511041;-2333;-2504;-2133;-56.087;-3.878
1027;16;0;0;1;0;0;1;1;1;0;1;0;0;0;0;0;1;0;0;-1981.69122023809;-1999.5;-2090.5;-1596.5;-55.993;-12.49
1029;17;0;0;1;0;0;1;1;1;0;1;1;0;0;0;0;1;0;0;-2895.0285986654;-2954.5;-3236.5;-2137.5;-56.312;-37.946
1030;18;0;0;1;0;0;1;1;1;0;1;1;0;0;0;0;1;0;0;-2820.7818911686;-2877;-3045.5;-2014;-49.872;-40.315
1031;19;0;0;1;0;0;1;1;1;0;1;0;1;0;1;0;1;0;0;-1528.70605759682;-1693.5;-2123.5;-488.5;-48.838;-54.323
1038;20;0;0;1;0;0;1;0;0;0;1;0;0;0;1;0;1;0;1;-1324.20710059172;-1307;-1685;-870.5;-50.775;-22.248
1039;21;0;0;1;0;0;1;1;0;0;0;1;1;1;0;0;0;1;0;-886.148115220484;-880.5;-1296;735;-63.009;-46.376
1040;22;0;0;1;0;0;1;0;0;0;1;1;0;0;1;0;1;0;1;236.599264705882;228;163.5;351.5;-54.005;-53.806
1044;23;0;1;0;0;0;1;1;0;0;0;0;0;0;0;0;1;0;0;-2101.1487314401;-2111;-2447;-1841;-53.298;18.881
1048;24;0;1;0;0;0;1;1;1;1;1;1;0;0;1;0;0;0;0;-995.819401215355;-991.5;-1732;514.5;-62.869;14.07
1053;25;0;0;1;0;0;1;0;0;1;1;1;0;1;1;0;1;1;1;-1525.37851019805;-1579;-2588.5;176.5;-61.324;-36.141
1054;26;0;0;1;0;0;1;0;0;0;1;0;0;0;1;0;0;0;1;396.259689922481;380;328;535.5;-63.278;-18.463
1055;27;0;1;0;0;0;1;0;1;0;1;1;0;0;1;0;0;0;1;-1240.45580110497;-1256.5;-1383.5;-1010;-62.035;15.017
1056;28;0;0;1;0;0;1;0;0;0;0;0;0;0;1;0;0;1;1;-329.558485139022;-418;-1279.5;882;-63.257;-50.116
1058;29;0;0;1;0;0;1;0;0;0;1;0;0;1;1;0;0;1;1;-357.230942400248;-228.25;-1698;1014;-62.916;-31.458
1060;30;0;1;0;0;0;1;1;1;1;0;0;0;0;1;0;0;0;0;-131.452639751553;-144;-1003;965.5;-64.374;25.375
1062;31;0;1;0;0;0;1;1;0;0;1;0;0;0;0;0;0;0;1;-868.401933701658;-857;-1119.5;-666;-61.744;4.392
1068;32;0;0;1;0;0;1;1;0;0;1;0;0;0;1;0;1;0;0;-555.373604060914;-544.5;-695.5;-397.5;-45.9;-4.365
1072;33;0;0;1;0;0;1;0;0;0;1;0;0;0;1;0;1;0;1;-1162.52938808374;-1154;-1845.5;-572;-57.694;-8.109
1073;34;0;1;0;0;0;1;0;0;0;1;0;0;0;1;0;0;0;1;-2610.46794871795;-2607.75;-2673;-2517;-63.216;45.723
1075;35;0;1;0;0;0;1;1;1;0;1;1;0;0;0;0;1;0;1;-2074.15926275992;-2117;-2340;-1519.5;-50.474;23.074
1076;36;0;1;0;0;0;1;1;1;0;1;1;0;0;1;0;1;0;1;-540.32962962963;-545;-726;-384.5;-56.139;42.231
1076;37;0;1;0;0;0;1;0;0;0;1;1;0;0;1;0;1;0;1;-703.77752293578;-710.75;-873;-526;-55.533;42.718
1077;38;0;1;0;0;0;1;0;0;0;1;1;0;0;1;0;1;0;1;-1755.55859375;-1759.5;-1866.5;-1601.5;-48.26;20.214
1078;39;0;1;0;0;0;1;0;0;0;1;1;0;1;1;0;1;0;1;139.200980392157;120.25;-26.5;326.5;-45.289;35.854
1079;40;0;1;0;0;0;1;0;0;0;1;1;0;1;1;0;1;0;1;775.116822429907;774.5;691.5;834.5;-48.856;43.151
1082;41;0;1;0;0;0;1;0;0;0;1;1;0;1;1;0;1;0;1;413.888888888889;414.25;196.5;635;-45.35;37.577
1083;42;0;1;0;0;0;1;1;0;0;1;1;0;1;1;0;1;0;1;-201.450643776824;-210.25;-609.5;728.5;-44.976;36.724
2003;43;0;1;0;0;0;1;1;1;1;0;0;0;0;1;0;1;0;0;693.54746370902;204;-1002;2873;-3.812;25.764
2004;44;0;1;0;0;0;1;1;1;1;0;0;0;0;1;0;1;0;0;705.147890588781;658;-492.5;2413.5;5.111;25.254
2005;45;0;1;0;0;0;1;1;1;0;1;0;0;0;0;0;1;0;0;-124.625876354366;-164.5;-316;963;1.848;22.017
2008;46;0;1;0;0;0;1;0;0;0;1;1;0;0;1;0;1;0;1;-703.4921875;-704.5;-755;-641.5;-2.241;51.235
2009;47;0;1;0;0;0;1;0;0;1;0;0;0;0;1;0;1;0;1;1190.76539420679;1404.5;-394.5;2178.5;7.431;26.074
2010;48;0;1;0;0;0;1;0;0;0;0;0;0;0;1;0;1;0;1;1145.50793650794;1128;1044.5;1380;0.383;24.15
2011;49;0;0;1;0;0;1;1;1;0;1;0;0;1;0;0;1;0;0;602.626857142857;628;352;805.5;1.804;-3.686
2012;50;0;0;1;0;0;1;1;0;0;0;0;0;0;0;0;1;0;1;1897.13519313305;1897.5;1807;1952;2.384;-6.225
2013;51;0;1;0;0;0;1;1;1;0;0;0;0;0;1;0;1;0;1;2090.28132678133;2039.5;1686;2657.5;6.474;23.758
2018;52;0;1;0;0;1;0;0;0;0;0;0;0;0;0;0;1;;1;-41.1521739130435;-21;-235;71.5;4.203;30.153
2020;53;0;1;0;0;0;1;0;0;0;1;1;0;0;1;0;1;0;1;1235.77884615385;1240.25;1193;1259.5;-1.167;26.903
2024;54;0;1;0;0;0;1;0;0;0;1;0;0;0;1;0;1;0;1;98.1521739130435;148.25;-130.5;290.5;1.404;30.6
2027;55;0;1;0;0;0;1;0;0;0;0;0;0;0;1;0;1;0;1;736.109662576687;732;579;1029;10.253;28.424
2031;56;0;1;0;0;0;1;0;1;0;0;0;0;1;1;0;1;0;1;-96.8482023968043;-155;-624.5;471.5;-2.775;17.507
2032;57;0;0;1;0;0;1;1;1;0;1;0;0;0;0;0;1;1;0;373.415980008105;332;232;1340;-6.155;-2.573
2035;58;0;1;0;0;0;1;0;0;0;0;0;0;0;1;0;1;0;1;949.419662191425;983.5;-607;1792;3.535;28.725
2036;59;0;0;1;0;0;1;1;0;0;1;1;0;1;0;0;1;1;0;935.808551487635;861.5;320.5;3271;-9.262;-26.4
2037;60;0;1;0;0;0;1;1;1;0;0;1;0;1;1;0;1;1;1;-432.351616725332;-467.5;-4050.5;2959.5;0.635;46.508
2040;61;0;0;1;0;0;1;0;0;1;1;1;0;0;1;0;1;0;1;261.98118729097;293.5;-1380.5;1816.5;-5.11;-47.935
2042;62;0;0;1;0;0;1;1;0;0;1;1;0;0;1;0;1;0;1;950.226890756303;954;883.5;996;-4.917;-23.385
2043;63;0;0;1;0;0;1;1;0;0;1;0;0;0;0;0;1;0;1;1151.94763513513;1146.5;912.5;1414;0.831;-10.967
2044;64;0;0;1;0;0;1;1;1;1;1;1;0;0;1;0;1;0;1;-23.3106546854942;-37.5;-335;401;-6.713;-38.105
2048;65;0;1;0;0;0;1;1;0;0;1;0;0;1;1;0;1;0;1;1.74569567240577;117.5;-493;705;-0.558;12.156
2050;66;0;1;0;0;1;0;0;0;0;0;0;0;1;0;0;1;0;1;-61.1834795321637;-24.5;-274;123;6.467;30.82
2051;67;0;1;0;0;0;1;1;0;0;1;0;0;0;1;0;1;0;1;-975.755223880597;-1003;-1249.5;-618.5;5.583;37.959
2052;68;0;1;0;0;0;1;1;1;0;0;0;0;0;1;0;1;0;0;-1861.27059659091;-1904;-2066.5;-1492.5;7.261;34.749
3003;69;0;0;1;0;0;1;1;1;0;1;1;1;0;1;0;0;0;0;-1499.81438095238;-1710.75;-2091;1177.5;87.918;-41.157
3004;70;0;0;1;0;0;1;1;1;0;1;0;0;0;0;0;0;0;1;-2308.80303030303;-2313;-2457;-2159;83.361;-5.191
3010;71;0;1;0;0;0;1;1;0;0;0;0;0;0;0;0;0;1;1;-3292.92073316732;-3309;-3569;-2757;82.934;52.275
3013;72;0;1;0;0;0;1;1;1;0;0;0;0;0;1;0;0;0;0;-185.149714767276;-494;-1128;1840.5;93.68;15.813
4002;73;0;1;0;0;1;0;0;0;0;0;0;0;0;0;1;0;;1;1613.71304347826;1512;1027;2213;178.72;20.347
4003;74;0;1;0;0;0;1;1;1;0;1;1;0;0;0;1;0;0;0;-1641.1939708426;-1643;-1982;-1286.5;166.428;25.586
4004;75;0;1;0;0;0;1;1;1;0;1;0;0;0;1;1;0;1;0;-1731.14135464872;-1765.5;-2231;-353.5;163.24;30.538
4005;76;0;1;0;0;0;1;1;0;0;0;0;0;0;0;1;0;0;1;-2822.65931372549;-2824.75;-3517.5;-2351;160.255;59.077
4007;77;0;1;0;0;0;1;1;0;0;0;0;0;0;0;1;0;0;1;-2784.4414848399;-2775.5;-3405.5;-2272;167.824;60.971
4009;78;0;1;0;0;0;1;1;1;0;1;1;0;0;0;1;0;1;0;107.774439115725;-27.5;-386;2701;169.917;7.537
4011;79;0;1;0;0;1;0;0;0;0;0;0;0;0;0;1;0;;1;214.353017140174;67;-453.5;1644.5;162.111;13.966
4012;80;0;1;0;0;1;0;0;0;0;0;0;0;0;0;1;0;;1;1347.96930946292;1389;859.5;1503;177.179;18.876
4022;81;0;1;0;0;0;1;1;1;0;0;0;0;0;1;1;0;0;1;-185.956090651558;-283;-630;998.5;166.903;36.488
4023;82;0;1;0;0;0;1;0;0;1;0;0;0;0;1;1;0;0;1;1370.85840707965;1342;1300.5;1504;177.984;21.654
4024;83;0;1;0;0;0;1;1;1;0;0;0;0;0;1;1;0;0;0;12.3598869116913;-315;-620;1689.5;179.372;25.503
4026;84;0;1;0;0;0;1;1;1;1;0;0;0;0;1;1;0;0;0;1152.31654676259;1327;3.5;1769;179.301;23.196
4028;85;0;1;0;0;1;0;0;0;0;0;0;0;0;0;1;0;;0;1307.79710144928;1273;1202;1623.5;179.44;21.322
4030;86;0;1;0;0;0;1;1;1;0;0;0;0;0;1;1;0;1;0;-488.497980817769;-611;-834.5;583.5;175.423;38.498
4033;87;0;1;0;0;0;1;0;0;0;1;0;0;0;1;1;0;0;0;766.511919698871;865;421;1055;166.851;13.98
4034;88;0;1;0;0;1;0;0;0;0;1;0;0;0;0;1;0;;1;1975.09119496855;1963.5;1623;2361.5;162.602;12.599
4035;89;0;1;0;0;0;1;0;0;0;0;0;0;0;1;1;0;0;1;1523.06306306306;1528;1461.5;1550;178.826;21.519
4036;90;0;1;0;0;1;0;0;0;0;1;0;0;0;0;1;0;;0;-349.878414568827;-414.5;-1034;501;160.744;48.191
4046;91;0;1;0;0;0;1;0;1;0;1;0;0;0;0;1;0;0;1;-1205.93865030675;-1193.5;-1326.5;-1107;167.457;29.419
4047;92;0;0;1;0;0;1;0;0;1;1;1;0;0;1;1;0;0;1;-89.0903243847875;84.5;-1270;684.5;179.114;-41.441
5001;93;0;1;0;0;0;1;0;1;0;1;0;0;0;1;0;1;1;0;-1539.57704233751;-1797.5;-2314.5;298;33.202;7.688
5002;94;0;0;1;0;0;1;1;0;0;1;1;1;0;0;0;1;1;0;-1839.43025655326;-1909.25;-2092.5;-988;19.792;-8.718
5004;95;0;1;0;0;0;1;0;0;0;1;0;0;1;1;0;1;1;0;726.322727272727;783.75;256.5;1000;35.072;27.435
5005;96;0;0;1;0;0;1;1;0;0;1;0;0;1;0;0;1;0;1;845.646205357143;840.5;613;1107.5;21.676;-2.05
5006;97;0;1;0;0;0;1;1;0;0;1;1;0;0;1;0;1;0;0;398.276086956522;394.5;-246;1388;12.734;3.525
5007;98;0;1;0;0;0;1;0;1;0;1;1;0;0;1;0;1;0;1;-104.264243614931;-27.5;-871;478;16.163;25.23
5008;99;0;1;0;0;0;1;1;0;1;0;0;0;1;1;0;1;0;0;616.556846000569;646;-692.5;1576.5;22.651;35.403
5009;100;0;0;1;0;0;1;1;1;0;1;0;0;0;1;0;1;0;0;-1855.67463533225;-1814.25;-2532.5;-1036;26.818;-13.746
5015;101;0;1;0;0;0;1;1;0;0;0;0;1;0;0;0;1;1;0;-4038.96552911548;-4010.5;-5382;-237.5;57.845;27.281
5017;102;0;1;0;0;0;1;1;0;0;1;0;0;0;0;0;1;0;1;-437.078825347759;-471;-730;-16.5;24.23;26.973
5018;103;0;1;0;0;0;1;1;1;0;0;0;0;0;1;0;1;0;1;255.182169117647;318.5;-251.5;610.5;13.806;19.495
5021;104;0;0;1;0;0;1;0;1;0;1;0;0;0;0;0;1;0;0;123.731738035264;73.5;-150;636.5;18.546;-18.602
5025;105;0;1;0;0;0;1;1;1;0;1;0;0;0;1;0;0;0;1;1404.48532433226;1561;281;2614.5;72.344;14.349
5027;106;0;1;0;0;0;1;1;1;0;1;1;0;0;0;0;0;0;0;-1409.0885286783;-1497.5;-1633;-1051;79.106;28.98
5028;107;0;1;0;0;0;1;1;1;0;1;0;0;0;0;0;0;1;1;-1788.05015673981;-1812.5;-1929.5;-1493.5;69.133;27.361
5029;108;0;1;0;0;0;1;1;1;0;1;1;0;0;1;0;1;0;0;-23.2286002014099;-87.5;-736;1113.5;59.188;15.164
5035;109;0;0;1;0;0;1;0;1;1;1;1;0;0;1;0;1;0;1;420.112903225807;425;-380.5;1205.5;59.803;-11.576
5036;110;0;1;0;0;0;1;1;1;0;0;0;0;0;1;0;1;1;1;308.825944316368;-54.5;-547;2790;44.537;27.319
5038;111;0;0;1;0;0;1;0;0;1;1;1;1;1;1;0;0;0;1;-241.467758018946;-320.5;-1454;1013;73.058;-20.623
5040;112;0;1;0;0;0;1;0;0;1;1;0;1;1;1;0;1;1;0;196.34693877551;239;-308;598;49.664;3.647
5042;113;0;0;1;0;1;0;0;0;0;1;0;1;1;0;0;1;;1;245.041274817137;215;-150;897;58.566;-5.518
5043;114;0;1;0;0;0;1;0;1;0;1;1;0;0;0;0;1;0;1;-1197.12827988338;-1184.5;-1370.5;-1117.5;57.99;17.124
5044;115;0;1;0;0;0;1;1;1;0;1;0;0;0;0;0;0;1;0;-923.319919964429;-928.5;-1057;-781.5;65.035;3.355
5046;116;0;0;1;0;0;1;0;1;0;1;1;0;0;1;0;1;0;1;1523.93597122302;1412.25;873.5;3092;59.163;-8.829
5049;117;0;0;1;0;0;1;0;0;0;1;1;0;1;1;0;1;0;1;2298.25155279503;2287.5;1962.5;2649;57.296;-8.236
5050;118;0;0;1;0;0;1;1;0;1;1;1;0;1;1;0;1;0;0;1187.84458259325;1170;1064.5;1436.5;55.023;-7.958
5051;119;0;0;1;0;0;1;0;1;0;1;0;0;0;0;0;1;0;1;-1870.03549382716;-1887.5;-2003;-1543;54.288;-3.192
5052;120;0;0;1;0;0;1;1;1;0;1;1;0;0;0;0;1;0;1;-2472.49690082645;-2489;-2687.5;-1989.5;47.837;-19.432
5054;121;0;1;0;0;0;1;0;0;0;0;0;0;0;1;0;1;0;1;957.603146853147;967;645;1249;21.63;32.508
5056;122;0;1;0;0;0;1;0;0;0;1;0;0;0;1;0;1;0;0;7.1614481409002;-31;-251;291;24.684;31.412
5057;123;0;1;0;0;0;1;0;1;0;0;0;0;0;1;0;1;0;1;479.419362867098;491.5;-696;1646.5;14.067;33.273
5058;124;0;1;0;0;0;1;0;0;0;0;0;0;1;1;0;1;1;0;265.552919708029;458.5;-1055.5;1804;18.596;33.868
5059;125;0;1;0;0;0;1;0;1;0;1;1;0;0;1;0;1;0;0;-626.486373165618;-755.5;-2039;1169;13.57;35.971
5060;126;0;1;0;0;0;1;0;1;0;1;0;0;1;1;0;1;0;1;-245.234640522876;-340.5;-844.5;837.5;12.467;32.946
5062;127;0;1;0;0;0;1;0;0;0;1;0;0;1;1;0;1;0;1;434.618543046358;445;319;561;31.254;36.806
5064;128;1;0;0;0;0;1;0;1;0;0;0;0;0;1;0;1;0;1;-234.658034939908;-77;-1307;780;43.297;66.041
5065;129;0;1;0;0;0;1;0;0;0;0;0;1;0;1;0;1;0;1;194.356148491879;197;14.5;530.5;23.487;38.865
5067;130;0;1;0;0;1;0;0;0;1;1;1;0;0;0;0;1;;1;421.678120617111;404.5;267.5;588.5;25.995;39.469
5068;131;0;0;1;0;0;1;1;1;1;1;1;0;0;1;0;1;0;0;862.701487252125;697.25;118.5;2266;57.952;-31.878
5069;132;0;0;1;0;0;1;1;1;0;1;0;1;0;0;0;1;1;0;-274.247866894198;-276;-424;-63;45.509;-37.511
5071;133;0;0;1;0;0;1;1;1;0;1;1;1;0;0;0;1;1;1;-570.985035211268;-606.5;-732;-201.5;41.217;-36.382
5073;134;0;0;1;0;0;1;1;0;0;1;0;1;0;0;0;1;1;0;75.6016491754123;45;-147;1051.5;35.694;-32.892
5074;135;0;0;1;0;0;1;1;0;0;1;1;0;0;1;0;1;0;1;1041.03032345014;1087.5;359;1799.5;24.212;-30.636
5075;136;0;0;1;0;0;1;0;1;0;1;1;0;1;1;0;1;1;0;688.891227380016;593.75;-153;2185.5;16.958;-55.423
5076;137;0;0;1;0;0;1;1;0;0;1;1;0;0;0;0;1;0;0;107.708084824387;99.5;-29.5;508;18.338;-23.214
5078;138;0;0;1;0;0;1;1;0;1;1;1;0;0;1;0;1;0;1;-494.751275510204;-510.25;-794.5;-215.5;10.969;-52.899
5079;139;0;0;1;0;0;1;0;1;0;0;0;0;0;1;0;1;0;0;-108.298533455545;-127;-1629;1697;21.485;-57.917
5080;140;0;0;1;0;0;1;1;0;0;1;1;1;0;1;0;1;0;1;1410.82894736842;1444;1137;1672;49.752;-34.123
5081;141;0;0;1;0;0;1;0;0;0;0;0;0;0;1;0;1;0;1;934.173550087873;994.25;111.5;1399;49.398;-30.329
5089;142;0;0;1;0;0;1;1;1;0;1;1;0;0;0;0;1;0;0;1010.42657342657;1001.5;900.5;1490;14.989;-25.612
5099;143;0;1;0;0;0;1;1;0;0;0;0;1;0;1;0;1;0;1;-1613.88403361344;-1744.5;-2258.5;-531;55.197;36.361
5101;144;0;0;1;0;0;1;0;0;0;1;0;0;0;1;0;1;0;1;845.173387096774;783;731.5;1354;17.054;-12.434
5105;145;0;1;0;0;0;1;1;0;0;0;0;0;0;1;0;1;0;1;824.1328;840;614;966.5;12.989;19.522
5106;146;0;1;0;0;0;1;0;0;0;1;1;0;0;1;0;1;0;1;552.74043715847;557;477;588;13.564;22.354
5107;147;0;1;0;0;0;1;0;0;0;1;1;0;1;1;0;1;0;1;691.064594047063;1004.5;-1089.5;1615;14.068;30.591
5108;148;0;1;0;0;0;1;1;1;0;1;0;0;0;0;0;1;0;0;323.61959818044;113.75;-264.5;1859.5;17.52;0.369
5110;149;0;1;0;0;0;1;1;1;0;0;0;0;0;1;0;1;0;0;-1957.56571087216;-2223.25;-2498;230.5;33.316;47.698
5111;150;0;1;0;0;0;1;1;1;1;0;0;0;0;1;0;1;0;0;186.088623072834;246;-943.5;1015.5;18.37;37.361
5112;151;0;1;0;0;0;1;0;0;0;1;1;0;0;1;0;1;0;1;436.82636148382;402;202.5;939.5;25.909;35.495
5113;152;0;1;0;0;0;1;0;0;0;1;1;0;1;1;0;1;0;1;-407.20612244898;-381;-611.5;-328;27.336;36.774
5114;153;0;1;0;0;1;0;0;0;0;0;0;1;1;0;0;0;;1;-697.967147850855;-639.5;-3285.5;797;64.213;35.973
6001;154;0;1;0;0;0;1;1;1;0;0;0;0;0;1;0;1;0;0;-639.079313280363;-781;-1142;542;134.763;46.108
6003;155;0;1;0;0;0;1;0;1;0;1;1;0;0;1;1;0;0;0;585.905739002004;458.5;-896.5;2422.5;159.126;43.745
6004;156;0;1;0;0;0;1;1;1;0;1;1;0;0;1;1;0;0;0;376.779864921908;27;-247;2087;154.56;42.484
6005;157;0;1;0;0;0;1;0;1;0;0;0;0;0;0;1;0;0;1;-2090.99137931035;-2060;-2403.5;-1975;157.2;53.803
6006;158;0;1;0;0;0;1;0;1;1;1;1;0;0;1;1;0;0;1;1182.4927430243;1381.5;-199;2200;152.687;40.461
6008;159;0;1;0;0;0;1;0;1;0;0;0;0;1;0;1;0;0;1;-581.361185983827;-554.5;-1112.5;-201.5;145.806;47.567
6010;160;1;0;0;0;0;1;0;0;0;1;0;0;0;1;1;0;0;1;-405.748673740053;-394;-682.5;-201.5;153.366;66.516
6011;161;0;1;0;0;0;1;1;1;0;1;1;0;0;1;1;0;0;0;-982.062702702703;-1123.75;-1644.5;180.5;145.24;35.911
6013;162;0;1;0;0;1;0;0;0;0;0;1;0;1;0;1;0;;1;-441.210558624923;-493;-843.5;460.5;139.365;36.369
6015;163;0;1;0;0;1;0;0;0;0;0;0;1;1;0;1;0;;1;591.31455399061;554.5;-54;1089.5;141.551;38.244
6018;164;0;1;0;0;1;0;0;0;0;1;1;0;0;0;0;0;;1;-184.328025477707;-195;-332.5;33;108.999;57.727
6020;165;0;1;0;0;1;0;0;0;0;1;1;0;1;0;0;0;;1;53.2139921539324;46;-337;477;112.154;57.683
6021;166;1;0;0;0;0;1;1;0;1;1;1;0;1;1;0;0;0;1;-725.226519337017;-715;-840.5;-661.5;112.594;61.708
6022;167;0;0;1;0;0;1;1;0;0;1;1;1;0;0;1;0;0;1;-1858.03840361446;-1893;-1985.5;-1461.5;125.899;-53.055
6024;168;0;1;0;0;1;0;0;0;0;0;0;0;0;0;0;0;;1;-596.794930257511;-588.25;-870;-336;116.299;57.134
6025;169;0;1;0;0;1;0;0;0;0;0;0;0;1;0;1;0;;0;-624.601851851852;-618;-834.5;-407.5;120.383;55.318
6027;170;0;1;0;0;0;1;0;0;1;1;1;0;1;1;1;0;0;1;-205.111749680715;-210.75;-567;99;143.133;32.695
6028;171;0;1;0;0;1;0;0;0;0;1;0;0;1;0;1;0;;1;444.907470288625;484;-148.5;1091;142.712;38.63
6029;172;0;1;0;0;0;1;1;0;0;1;1;0;0;1;1;0;0;0;815.014880952381;816.75;429;1122.5;125.818;39.614
6032;173;0;1;0;0;0;1;1;0;0;1;1;1;0;1;1;0;0;0;274.728862047044;334;-438.5;999.5;127.479;40.81
6033;174;0;1;0;0;0;1;1;0;0;1;1;0;0;1;1;0;0;1;172.445407279029;186;-68.5;504;122.974;41.619
6035;175;0;1;0;0;1;0;0;0;0;1;1;0;0;0;1;0;;1;-622.391963109354;-658.5;-777.5;-210;125.134;56.821
6036;176;0;1;0;0;0;1;0;0;1;1;1;0;0;1;1;0;0;0;-978.460511679644;-994;-1106.5;-828;125.847;57.132
6040;177;0;1;0;0;0;1;1;0;0;1;1;0;0;1;1;0;0;0;-64.6083707025411;-161.5;-596.5;979.5;123.853;41.238
6043;178;1;0;0;0;0;1;1;0;0;1;0;0;0;0;1;0;0;1;-2178.19247404844;-2233;-2519.5;-1316.5;104.289;71.748
6045;179;0;1;0;0;1;0;0;0;0;0;0;1;0;0;1;0;0;1;-1251.39682539683;-1271;-1359.5;-1046;139.571;48.577
6047;180;0;1;0;0;1;0;0;0;0;1;1;0;1;0;1;0;;0;-1313.60505645557;-1356.5;-1571.5;-852.5;134.443;49.065
6050;181;0;1;0;0;1;0;0;0;0;1;0;0;0;0;1;0;;1;2097.5;2131;1753.5;2225.5;128.482;42.504
6051;182;0;1;0;0;0;1;0;0;0;1;1;0;0;1;0;0;1;0;473.667308927424;680;-524.5;1194.5;116.526;42.834
6052;183;0;0;1;0;0;1;1;0;0;1;1;0;1;0;1;0;1;1;-482.152268152965;-534.5;-660.5;336.5;156.58;-35.431
6053;184;0;0;1;0;0;1;0;1;0;1;0;0;0;0;0;0;0;1;35.4450127877238;-46;-278.5;656.5;117.834;-26.491
6054;185;0;1;0;0;0;1;1;1;0;1;0;0;0;0;0;0;0;0;-858.853574018857;-913;-1182;-59.5;114.275;10.699
6055;186;0;1;0;0;0;1;1;1;0;1;0;0;0;1;0;0;1;0;308.545960920981;165;-768.5;3316;118.902;27.514
6056;187;0;0;1;0;0;1;0;0;1;1;1;0;1;1;0;0;0;1;783.733935742972;797.5;457;994;104.693;-11.265
6057;188;0;1;0;0;0;1;1;0;0;1;1;0;0;1;0;0;0;1;26.0873983739837;15.5;-42.5;132;103.02;7.728
6059;189;0;1;0;0;0;1;1;1;0;1;0;0;0;1;1;0;0;1;626.229726136666;500.5;-347;1933;147.662;14.227
6061;190;0;0;1;0;0;1;0;0;1;1;1;0;1;1;1;0;0;1;480.76568627451;517.75;7;863.5;140.776;-26.011
6063;191;0;1;0;0;0;1;0;0;0;1;0;1;1;1;1;0;1;0;-40.1438120315981;-53.5;-520;531.5;145.366;21.884
6065;192;0;1;0;0;0;1;1;1;0;1;1;0;0;0;1;0;0;0;-457.379323746599;-494;-646.5;-0.5;155.736;4.626
6066;193;0;1;0;0;1;0;0;0;0;1;1;0;0;0;1;0;;1;443.242214532872;480.5;127.5;748;156.818;16.593
6069;194;0;1;0;0;0;1;1;0;1;1;0;0;0;1;1;0;0;0;-95.5404721753794;-103.5;-1058;708;159.284;15.084
6070;195;0;1;0;0;0;1;1;0;0;1;0;0;0;0;1;0;0;0;-1095.9441509434;-1205;-1445.5;335;146.1;27.317
6072;196;0;1;0;0;1;0;0;0;0;0;0;1;1;0;1;0;;0;853.283099876563;785;27;2382.5;149.449;18.344
6073;197;0;1;0;0;1;0;0;0;0;1;0;0;0;0;1;0;;0;623.17125;382.25;159.5;1305;152.386;17.822
6076;198;0;1;0;0;1;0;0;0;0;0;0;0;1;0;1;0;;0;-169.619398207426;-183;-533;318;143.59;21.866
6077;199;0;0;1;0;0;1;0;0;0;1;1;0;0;1;1;0;1;0;1324.7757793765;1147;1046;1787;153.939;-10.096
6079;200;0;0;1;0;1;0;0;0;0;1;0;0;1;0;1;0;;1;3039.32615156018;2929;2720.5;3602;142.856;-6.942
6082;201;0;0;1;0;0;1;1;0;1;1;0;0;1;1;1;0;0;1;20.3207547169811;33;-205.5;170;143.382;-29.881
6085;202;0;0;1;0;0;1;1;0;1;1;1;1;0;1;1;0;0;0;-433.208899408284;-604;-1556;1342.5;139.38;-52.123
6089;203;0;0;1;0;0;1;1;1;0;1;1;0;0;1;0;0;0;1;-1304.39533869561;-1394.5;-2380;1040.5;105.029;-43.816
6092;204;0;0;1;0;0;1;1;0;0;1;1;0;0;1;1;0;1;1;-681.52676056338;-837;-929;274;146.934;-37.656
6095;205;0;0;1;0;0;1;1;1;0;1;1;1;0;1;1;0;0;1;-511.99389380531;-961;-1323;1169.5;134.637;-45.247
6097;206;0;0;1;0;0;1;0;0;0;1;1;0;0;1;0;0;0;1;-559.17932837875;-482.5;-1680.5;127;107.198;-39.917
6098;207;0;0;1;0;0;1;0;0;0;1;1;0;0;1;1;0;0;1;1482.50706713781;1495;754;1678.5;124.618;-45.288
6098;208;0;0;1;0;0;1;0;0;0;1;1;0;0;1;1;0;0;1;446.618568232662;312.5;-104;933;123.041;-44.694
6105;209;0;1;0;0;0;1;1;1;0;0;1;0;0;1;1;0;0;0;-115.861936720997;-169.5;-835;1424.5;144.266;45.301
6108;210;0;1;0;0;1;0;0;0;0;1;1;0;1;0;1;0;;1;385.937992125984;389.25;217;596;126.712;39.482
6109;211;0;1;0;0;0;1;0;0;1;0;0;0;0;1;1;0;0;1;1090.97138964578;1118.25;843.5;1441;120.81;33.946
6110;212;0;1;0;0;0;1;1;1;0;1;0;0;0;1;0;0;0;1;-997.155639388663;-1026;-2096.5;963;109.829;39.551
6122;213;1;0;0;0;1;0;0;0;0;1;0;0;1;0;0;0;;0;-474.81541218638;-476.5;-599;-301.5;108.117;61.018
6135;214;0;0;1;0;0;1;0;0;0;1;1;0;0;1;1;0;0;0;-683.162769784173;-735.75;-1339.5;200;120.911;-34.014
6137;215;0;0;1;0;0;1;1;0;0;1;0;0;0;0;1;0;0;1;391.371635610766;391.5;319.5;471;138.09;-6.614
6138;216;0;1;0;0;1;0;0;0;0;1;0;0;1;0;0;0;;1;1391.34296296296;1391;1314.5;1509;114.482;0.997
6139;217;0;1;0;0;0;1;0;0;0;1;0;0;0;1;0;0;0;1;-410.525423728814;-408.5;-451;-363.5;115.096;57.351
6141;218;0;1;0;0;0;1;0;0;1;1;0;0;0;1;1;0;0;1;-853.238278388278;-547.75;-2011.5;-279.5;123.318;55.876
6142;219;0;1;0;0;1;0;0;0;0;1;0;0;0;0;1;0;;1;1369.13434382692;1449.5;263;2147;150.179;42.99
6143;220;0;0;1;0;0;1;0;0;1;1;1;0;0;0;1;0;0;1;334.839483394834;336.5;258;384.5;130.519;-54.069
6145;221;0;0;1;0;1;0;0;0;0;1;1;1;0;0;1;0;0;1;520.498883928571;520;446.5;616.5;150.014;-9.838
6147;222;0;1;0;0;0;1;1;0;1;0;0;0;1;0;0;0;1;1;750.164580610156;396;-78;3582.5;101.171;21.951
6150;223;0;0;1;0;0;1;0;0;0;1;0;0;0;1;0;0;1;1;1981.49115044248;1999;998.5;2621;107.62;-18.728
6162;224;0;1;0;0;0;1;1;1;1;0;0;0;0;1;1;0;0;1;-406.500944159698;-430.5;-1368.5;1491;143.159;43.909
6163;225;0;1;0;0;1;0;0;0;0;1;0;0;0;0;1;0;;1;116.847953216374;86.75;36;475.5;144.201;40.386
6164;226;0;1;0;0;0;1;1;1;1;0;1;0;0;1;1;0;0;1;-900.241774121832;-1126.75;-2179.5;608.5;148.817;50.997
6165;227;0;1;0;0;1;0;0;0;0;0;0;0;0;0;1;0;;1;420.181596091205;622;-764.5;879.5;153.069;48.567
6166;228;1;0;0;0;0;1;0;1;0;0;0;0;0;0;1;0;0;1;-1674.99775784753;-1646;-2051;-1419;158.062;61.371
6167;229;0;1;0;0;0;1;1;1;0;0;0;0;0;0;0;0;0;1;-1214.59270216962;-1341.5;-2216.5;443;105.506;34.797
7001;230;0;1;0;0;0;1;1;1;0;1;1;0;0;0;0;0;1;0;-2494.09325716125;-2607.5;-2817.5;-1874.5;-78.902;52.086
7002;231;0;1;0;0;0;1;1;0;0;0;1;0;1;0;0;0;1;0;-1871.6538071066;-1937;-2358.5;-1256.5;-97.624;32.905
7004;232;0;1;0;0;0;1;0;0;0;1;1;0;0;1;1;0;0;1;174.153658536585;145;-331;607.5;-142.945;35.501
7005;233;0;1;0;0;1;0;0;0;0;1;0;0;0;0;1;0;;1;234.564283424174;223;9.5;469;-143.271;33.93
7008;234;0;1;0;0;0;1;1;0;0;1;0;0;0;1;1;0;0;0;-161.685864709636;-205.25;-1039;800;-176.459;32.227
7009;235;0;1;0;0;0;1;1;1;0;1;1;0;0;0;0;0;1;0;-2587.91908766565;-2572.5;-2955.5;-2028.5;-68.994;43.846
7010;236;0;1;0;0;0;1;1;1;0;0;0;0;0;0;0;0;1;0;-1864.69843868043;-1874;-2489.5;-1279;-78.068;34.513
7011;237;0;1;0;0;0;1;1;0;0;1;0;0;0;1;0;0;0;0;-2706.1802124834;-2738;-3783;-1172.5;-79.568;34.958
7012;238;1;0;0;0;0;1;0;1;0;0;0;0;0;0;1;0;0;1;-1611.04844329549;-1656.5;-1942;-826;-169.403;64.458
7013;239;0;1;0;0;0;1;1;1;0;1;1;0;0;1;1;0;0;0;-388.950771649043;-467.5;-1356;1253;-127.322;37.099
7014;240;0;1;0;0;0;1;0;0;1;1;1;0;0;1;0;0;0;1;1076.36938349007;1174.5;-715;1898;-66.336;33.072
7015;241;0;1;0;0;0;1;0;1;0;0;0;0;0;0;0;0;0;0;-2392.3898007034;-2443.5;-2802;-1759;-71.464;45.201
7016;242;0;1;0;0;0;1;0;0;0;1;1;1;0;1;0;0;1;0;-1310.2472602334;-1649.5;-3089;880.5;-92.41;52.109
7017;243;0;1;0;0;0;1;1;1;0;1;1;0;0;0;1;0;1;0;-2738.07461948706;-2799.5;-3055.5;-1727;-136.279;53.216
7018;244;0;1;0;0;0;1;1;1;1;0;0;0;1;0;0;0;1;0;-917.236535309463;-814.5;-2636;591.5;-100.392;39.744
7020;245;0;1;0;0;0;1;1;1;0;1;1;0;0;1;1;0;0;0;-747.343714285714;-773.5;-1603;442;-138.007;40.403
7021;246;0;1;0;0;1;0;0;0;0;1;1;0;0;0;1;0;;1;472.584090909091;485;263;646.5;-139.739;41.083
7022;247;1;0;0;0;0;1;0;0;1;1;1;0;0;1;1;0;0;0;-490.688053097345;-502;-695;-266;-151.054;65.973
7023;248;0;1;0;0;0;1;1;0;0;0;0;0;1;1;1;0;0;0;-5.84328908554572;-119.75;-753.5;1095.5;-163.826;48.214
7024;249;0;1;0;0;0;1;0;0;0;0;0;1;0;1;0;0;0;1;-2150.55013550135;-2079.5;-2836;-1559;-111.142;35.905
7025;250;0;1;0;0;0;1;0;1;0;0;0;0;1;0;0;0;0;1;-1762.05172413793;-1738.5;-2141;-1556;-111.673;41.389
7027;251;1;0;0;0;0;1;1;1;0;1;0;0;0;1;0;0;1;0;-1101.04327272727;-1372.75;-1642.5;798;-72.959;61.164
7028;252;0;1;0;0;0;1;1;1;0;0;0;0;0;0;0;0;1;0;-2164.77366908651;-2330.5;-2644.5;661.5;-91.434;39.295
7029;253;0;1;0;0;0;1;0;1;0;0;0;0;1;0;0;0;0;0;-1089.95176630435;-1087.75;-1278.5;-978;-107.924;38.971
7033;254;0;1;0;0;0;1;0;0;0;1;1;0;0;1;0;0;0;0;-2249.30846063455;-2359;-2962.5;-683;-80.337;39.861
7034;255;0;0;1;0;0;1;1;0;0;1;1;0;0;1;0;0;0;0;-1031.95953805251;-970;-2162;402.5;-71.399;-47.285
7036;256;0;0;1;0;0;1;1;0;0;0;0;1;0;0;0;0;1;1;-2597.6416159861;-2594.5;-2756;-2433;-90.334;-28.474
7040;257;0;0;1;0;0;1;1;1;1;1;0;0;0;1;1;0;0;0;-230.481182960466;-345;-1290;1314;-170.469;-32.461
7059;258;0;1;0;0;0;1;0;1;0;0;0;0;0;0;0;0;0;1;-2636.44725738397;-2633;-2796;-2501.5;-84.571;41.725
7060;259;0;0;1;0;0;1;0;0;0;1;0;1;0;1;0;0;0;0;-820.067901234568;-836.5;-974;-619.5;-74.829;-21.997
7062;260;0;1;0;0;1;0;0;0;0;0;1;0;1;0;1;0;;1;1127.98188405797;1084.75;687;1590.5;-138.982;27.026
7063;261;0;0;1;0;0;1;0;1;0;1;0;0;0;0;1;0;1;0;-219.760332339156;-146.5;-957;460.5;-142.632;-23.843
7064;262;0;1;0;0;0;1;0;0;0;1;1;0;0;1;1;0;0;1;-135.938888888889;-141.75;-312;64.5;-140.982;35.347
7066;263;1;0;0;0;1;0;0;0;0;1;1;0;0;0;1;0;;1;-855.291461256478;-867.5;-1058.5;-491.5;-128.439;78.094
7068;264;0;1;0;0;0;1;0;1;0;0;0;0;0;0;0;0;1;1;-734.781725888325;-750.5;-1060;-185.5;-115.774;36.309
7069;265;0;0;1;0;0;1;1;1;1;1;1;0;0;1;1;0;0;0;-1320.22408293461;-1335;-1951.5;-638.5;-171.665;-37.99
7070;266;0;0;1;0;0;1;0;0;0;1;0;0;1;1;0;0;1;0;-805.09843061674;-786.25;-1120.5;-469.5;-73.445;-1.046
7071;267;0;0;1;0;0;1;1;0;0;1;0;0;0;1;1;0;0;1;-1212.9089347079;-1257.25;-1598;-672;-121.633;-6.039
7072;268;0;1;0;0;0;1;1;1;0;1;0;0;0;0;0;0;0;1;495.225931530168;513.5;-25.5;1029;-66.144;24.555
7072;269;0;1;0;0;0;1;1;1;0;1;0;0;0;0;0;0;0;1;205.708366219416;212.5;-133;630.5;-64.51;22.925
7073;270;0;1;0;0;0;1;0;1;0;0;0;0;0;0;1;0;1;0;-357.616799744491;-186.5;-1956.5;809;-119.055;21.555
7085;271;0;0;1;0;0;1;0;0;0;0;0;0;1;1;1;0;1;0;-384.11869931024;-432;-1178.5;638;-138.313;-11.073
7089;272;0;1;0;0;0;1;1;0;0;1;0;0;0;1;1;0;0;0;-1893.88923611111;-2111;-2812;-41.5;-141.841;15.107
7091;273;0;1;0;0;0;1;1;1;0;1;0;1;0;1;1;0;0;0;-1204.96159638554;-1323;-1631.5;376.5;-148.571;3.892
7093;274;0;1;0;0;1;0;0;0;0;0;0;0;1;0;1;0;;1;-248.548024012006;-268.5;-378.5;65;-177.662;24.125
7095;275;0;0;1;0;0;1;1;1;0;1;0;0;0;1;1;0;1;0;-1003.19053866337;-1202;-1591.5;742.5;-147.544;-2.496
7099;276;0;1;0;0;0;1;1;1;0;1;1;0;0;1;1;0;0;0;-306.863221884499;-432;-807;767.5;-157.526;4.801
7100;277;0;1;0;0;0;1;1;0;0;1;0;0;0;1;1;0;1;0;-824.66573971079;-920;-1275;-310;-160.991;11.25
7101;278;0;1;0;0;0;1;0;0;0;0;0;0;1;1;1;0;1;0;1800.04259259259;1839.5;754.5;2144;-164.154;16.969
7102;279;0;1;0;0;0;1;1;0;0;1;0;0;0;0;1;0;1;0;492.763643502159;467.5;399.5;951;-161.784;1.949
7103;280;0;1;0;0;0;1;1;0;0;1;0;1;0;0;1;0;1;0;451.562470252261;415;231.5;1213;-161.947;0.587
7105;281;0;0;1;0;0;1;1;0;0;0;0;0;1;0;1;0;1;0;-838.670089619119;-859;-960;-649;-160.867;-15.884
7108;282;0;1;0;0;0;1;0;0;1;1;1;0;1;0;1;0;1;1;-237.237435008665;-308.5;-492;218.5;-155.546;0.388
7112;283;0;1;0;0;0;1;1;1;0;0;0;0;0;0;0;0;0;0;-1483.65127175368;-1553;-1965;-626;-103.343;23.014
7113;284;0;1;0;0;0;1;1;1;0;1;1;0;0;1;0;0;0;0;-1147.83678343949;-1196.5;-1257.5;-423;-113.407;26.284
7116;285;0;0;1;0;0;1;1;0;0;1;1;1;1;1;1;0;0;1;-2770.04609394625;-2503.5;-4293;-1937;-133.004;-12.34
7117;286;0;1;0;0;0;1;0;1;0;0;0;0;0;1;1;0;0;1;18.2063662374821;-644.25;-923;1755;-130.024;23.917
7118;287;0;0;1;0;0;1;1;0;0;1;0;0;0;0;1;0;0;0;-734.874361593463;-769.5;-912.5;-128;-142.745;-4.911
7119;288;0;1;0;0;1;0;0;0;0;1;0;0;1;0;0;0;;1;-898.53305785124;-919;-1089;-635;-105.833;25.419
7120;289;0;1;0;0;0;1;1;1;1;1;1;0;0;1;0;0;1;0;-862.620384868496;-746.5;-2502;907;-103.532;7.49
7121;290;0;1;0;0;0;1;1;1;1;1;0;0;0;1;0;0;1;0;-1466.83798882682;-1828;-2156;358.5;-115.393;1.354
7122;291;0;1;0;0;0;1;1;0;0;0;0;0;0;0;0;0;0;1;-1875.10600242522;-2056;-3074;49.5;-102.81;17.494
7123;292;0;1;0;0;0;1;0;0;0;1;1;0;0;1;0;0;0;1;-812.201149425287;-810.5;-868.5;-770.5;-107.626;18.983
7124;293;0;1;0;0;0;1;1;0;0;0;0;0;1;0;0;0;0;1;-994.724671307038;-1001.5;-1128.5;-771;-112.432;15.021
7127;294;0;0;1;0;0;1;0;1;0;1;1;0;0;0;1;0;1;1;-323.276272577997;-488.25;-775;828;-135.134;-29.159
7128;295;0;0;1;0;0;1;1;1;0;1;1;0;0;1;1;0;0;0;-2031.05104266049;-2381;-3084;-145;-124.422;-21.821
7130;296;0;1;0;0;0;1;0;0;0;1;1;0;1;1;0;0;0;1;891.919201520913;985;331.5;1340.5;-70.807;16.227
7131;297;0;1;0;0;0;1;0;0;0;0;0;0;0;1;0;0;1;0;-405.511224398533;-347.5;-1296.5;371.5;-86.001;14.157
7133;298;0;0;1;0;0;1;1;1;1;1;1;0;0;1;0;0;0;0;-2145.62120498941;-2258.5;-3107;-806;-76.701;-21.31
7134;299;0;1;0;0;0;1;1;0;0;1;1;0;1;1;1;0;1;1;-642.55410654828;-595.5;-1284;-163;-131.886;0.985
7135;300;0;0;1;0;0;1;1;0;1;1;1;0;1;1;1;0;1;1;-1140.39283004552;-1174.75;-2596.5;678.5;-120.589;-19.204
7137;301;0;1;0;0;0;1;1;0;0;1;0;0;1;0;0;0;0;0;-1381.97822644497;-1372.5;-1815;-1072;-95.272;25.118
7138;302;0;1;0;0;0;1;1;1;0;0;0;1;1;0;0;0;1;1;-397.924830261882;-402;-806.5;158;-67.571;22.197
7139;303;0;1;0;0;0;1;0;1;0;0;0;0;1;0;0;0;0;0;-342.370393900889;-353.5;-498.5;-129.5;-75.07;21.617
7140;304;0;0;1;0;0;1;1;1;0;1;1;0;0;1;0;0;0;0;-393.358064516129;-299.75;-1268.5;498.5;-72.696;-28.901
7142;305;0;0;1;0;0;1;1;0;0;1;1;0;0;0;0;0;1;1;462.551153715643;492.5;-16.5;923;-69.017;-27.076
7143;306;0;0;1;0;1;0;0;0;0;1;0;0;0;0;0;0;;1;927.647295742232;890;481;1578.5;-80.493;-28.283
7144;307;0;1;0;0;0;1;1;1;1;0;0;1;0;1;0;0;0;0;-797.292788879235;-861.5;-1472.5;-88.5;-93.578;25.168
7147;308;0;1;0;0;0;1;1;1;1;1;0;1;0;1;0;0;0;0;-969.360191637631;-929.75;-1630.5;-228.5;-67.97;8.382
7148;309;0;1;0;0;0;1;0;1;0;1;0;0;0;0;0;0;0;0;-1591.47058823529;-1591;-1623;-1571;-92.169;4.06
7150;310;0;0;1;0;0;1;1;0;1;1;0;0;0;1;0;0;0;0;-113.663338088445;-30;-907.5;925.5;-72.415;-18.989
7152;311;0;0;1;0;0;1;0;1;0;1;0;0;0;0;0;0;0;0;-224.225378787879;-225;-366;-107;-72.171;-17.94
7153;312;0;1;0;0;0;1;0;0;1;1;0;0;0;1;0;0;1;1;-406.398366606171;-232;-1555;167.5;-74.603;2
7154;313;0;0;1;0;0;1;0;1;0;1;0;0;0;0;1;0;1;0;-1005.88461538462;-1009.5;-1270;-805.5;-179.834;-17.771
7155;314;0;0;1;0;0;1;1;0;0;1;0;0;1;0;0;0;1;1;-591.349656357388;-534.25;-1062;-383;-66.965;-7.207
7156;315;0;1;0;0;0;1;0;0;0;1;0;0;0;1;0;0;0;1;571.9025;571.75;492.5;655.5;-72.148;8.25
7157;316;0;1;0;0;1;0;0;0;0;1;0;0;0;0;0;0;;1;732.693277310924;736;337;1029.5;-77.053;18.718
7159;317;0;0;1;0;0;1;1;1;1;1;1;1;0;1;0;0;0;0;-3560.26977703116;-3936.25;-4677.5;-2052;-90.878;-23.041
7161;318;0;0;1;0;0;1;1;0;0;1;1;1;1;1;0;0;1;0;-1228.04259207197;-1653;-2091.5;752;-68.635;-52.828
7167;319;0;1;0;0;1;0;0;0;0;0;0;0;0;0;1;0;;1;1033.00518672199;1066.25;529;1326;-179.648;22.671
7168;320;0;1;0;0;0;1;0;1;0;1;1;0;0;0;1;0;0;0;-1434.1338028169;-1428;-1550;-1308;-146.625;41.433
7169;321;0;1;0;0;0;1;0;0;0;0;0;0;0;1;0;0;0;1;-510.983333333333;-484.25;-739;-393;-100.03;16.449
7170;322;0;1;0;0;0;1;0;0;0;1;1;0;0;1;0;0;0;1;-2635.2890625;-2647.25;-2704.5;-2518;-70.781;57.383
8001;323;0;1;0;0;0;1;1;1;0;1;1;0;0;0;0;1;0;0;-883.451560818084;-1076.5;-1235;186.5;-33.596;30.581
8002;324;0;1;0;0;0;1;0;0;0;1;1;0;1;1;0;1;0;1;431.574284170719;272;-242.5;1846.5;-18.856;38.614
8003;325;0;1;0;0;0;1;1;1;0;1;0;0;0;1;0;1;0;0;-761.156451612903;-818;-1209;362;-38.811;37.842
8004;326;0;1;0;0;0;1;1;0;0;0;0;0;0;0;0;1;0;1;-1559.43869377696;-1558;-2512;-473.5;-33.114;58.816
8005;327;1;0;0;0;0;1;1;1;1;1;0;0;0;1;0;1;0;0;-651.081519021105;-499;-1975;1531.5;-39.992;59.939
8006;328;0;1;0;0;0;1;1;1;1;1;1;0;0;1;0;1;0;0;312.161012658228;67.5;-552.5;2203;-39.742;50.711
8007;329;0;1;0;0;0;1;1;0;0;0;0;1;1;0;0;1;0;1;-1876.59194876487;-2001.5;-2826.5;-722.5;-34.03;48.337
8009;330;0;1;0;0;0;1;1;0;1;1;0;0;0;1;0;1;0;0;210.824022346369;338.75;-982;1692;-41.529;46.565
8010;331;0;1;0;0;0;1;0;0;0;1;1;0;0;1;0;1;0;1;1466.34772727273;1489;1173.5;1713.5;-38.733;42.942
8011;332;0;1;0;0;0;1;1;0;0;1;0;0;0;1;0;1;0;0;1240.94353050086;1402.5;-848.5;2901.5;-37.877;45.42
8012;333;0;1;0;0;0;1;1;1;0;1;0;1;0;0;0;1;0;0;-117.943562610229;-136;-319.5;418;-41.902;36.617
8013;334;0;0;1;0;0;1;1;0;0;1;0;0;0;1;0;1;0;0;635.586956521739;657;347;879.5;-27.198;-31.434
8014;335;0;0;1;0;0;1;1;1;0;1;1;0;0;1;0;1;0;0;-863.296111665005;-957;-1091.5;89;-39.502;-33.521
8015;336;0;0;1;0;0;1;1;0;0;1;1;0;0;1;0;1;0;0;-2372.79633471646;-2372.5;-2876.5;-1565.5;-36.29;-47.666
8016;337;0;0;1;0;0;1;0;0;0;1;1;0;1;1;0;1;1;1;297.071092278719;428.75;-1726.5;1540;-38.31;-48.382
8017;338;0;0;1;0;0;1;1;1;0;1;0;0;0;0;0;1;1;0;-724.301426599172;-712.5;-911;-523.5;-30.52;-40.091
8018;339;0;0;1;0;0;1;0;0;1;1;0;0;1;1;0;1;0;0;136.864391513211;120.5;-369;529.5;-40.597;-52.596
8019;340;0;0;1;0;0;1;1;0;1;0;0;1;0;1;0;1;1;0;-558.81779263796;-362;-2754.5;486;-31.456;-57.395
8021;341;0;1;0;0;0;1;1;0;0;1;0;0;1;0;0;1;0;0;176.62854173504;132;-158;572.5;-37.684;54.467
8022;342;0;1;0;0;0;1;0;0;1;1;1;0;0;1;0;1;0;1;922.826585179526;852.5;238.5;1652;-43.764;44.367
8033;343;0;0;1;0;0;1;1;0;0;1;1;0;1;0;0;1;1;0;-366.664555420219;-407.5;-621;221;-10.703;-37.133
8035;344;0;1;0;0;0;1;0;0;0;1;0;0;0;1;0;1;0;1;1516.04905660377;1547.5;1159.5;1694.5;-39.098;42.211
8036;345;0;1;0;0;0;1;0;0;0;1;1;0;0;1;0;1;0;0;1563.2008797654;1556.75;1243.5;1973.5;-40.784;43.737
8037;346;0;1;0;0;0;1;1;0;1;1;1;0;0;1;0;1;0;0;636.064600448096;594.5;133;1055;-41.339;44.528
8039;347;0;1;0;0;0;1;0;1;0;1;0;0;0;0;0;1;0;1;176.630514705882;149.25;34.5;376.5;-30.249;10.273
8040;348;0;1;0;0;0;1;0;0;0;1;0;0;0;1;0;1;0;1;171.888888888889;179;-129;442.5;-31.08;43.992
8042;349;0;1;0;0;0;1;0;1;0;1;0;0;1;0;0;1;0;1;-1017.90984483681;-971;-1747;-714;-37.608;5.158
8043;350;0;1;0;0;0;1;1;0;0;1;0;0;1;0;0;1;0;1;777.539096217314;776.5;405.5;1590.5;-30.445;13.604
8044;351;0;1;0;0;0;1;1;0;0;1;1;0;0;0;0;1;0;0;36.4816176470588;-6;-79;755.5;-31.031;8.926
8045;352;0;1;0;0;0;1;0;0;0;1;1;0;0;1;0;1;0;1;1071.0890052356;1122;375;1384.5;-24.026;42.529
8046;353;0;0;1;0;0;1;1;0;0;1;1;1;1;1;0;1;0;0;-1065.66108786611;-1270;-1774;698.5;-29.528;-53.197
8046;354;0;0;1;0;0;1;1;0;0;0;0;1;0;1;0;1;0;0;40.1455929856945;171;-1056;628;-31.113;-53.785
8047;355;0;0;1;0;0;1;0;1;0;1;1;0;0;0;0;1;0;1;-912.203389830509;-915.5;-940;-866.5;-43.648;-4.614
8048;356;0;1;0;0;0;1;0;0;0;1;0;0;0;1;0;1;0;1;599.503267973856;554;461.5;929.5;-24.786;44.24
8049;357;0;0;1;0;0;1;0;1;0;1;1;0;0;0;0;1;1;1;1713.83923303835;1724.5;1506;1870;-21.095;-30.824
8052;358;0;0;1;0;0;1;0;0;0;1;1;0;1;1;0;1;1;1;1683.7569528416;1684.5;626;2321;-42.143;-30.732
8053;359;0;0;1;0;0;1;0;1;0;1;1;0;0;1;0;1;0;0;-23.6964167219642;-25;-528;694.5;-14.024;-39.855
8054;360;0;0;1;0;0;1;0;0;1;1;1;0;0;1;0;1;0;1;-256.743455497382;-265;-301.5;-184.5;-38.53;-2.517
8055;361;0;1;0;0;0;1;0;1;0;1;0;0;0;0;0;1;0;1;726.417596566524;766.5;267.5;1121;-37.122;24.279
8056;362;0;1;0;0;0;1;0;0;0;1;1;0;0;1;0;1;0;1;-795.879487179487;-786.5;-1041.5;-592;-29.067;43.02
8056;363;0;1;0;0;0;1;0;0;0;1;1;0;1;1;0;1;0;1;383.323383084577;387.5;290;442;-29.818;44.052
8057;364;0;1;0;0;0;1;0;0;0;1;0;1;0;1;0;1;0;1;-1055.0261627907;-1056;-1268;-909.5;-38.036;0.731
8058;365;0;1;0;0;0;1;0;0;0;1;0;0;0;1;0;1;0;1;134.913793103448;133.5;122.5;153.5;-20.417;43.502
8060;366;0;1;0;0;0;1;1;0;0;1;0;0;0;0;0;1;0;0;284.443864229765;266.5;214;474;-21.277;1.567
8061;367;0;0;1;0;0;1;1;0;0;1;1;0;0;0;0;1;0;0;904.920454545455;904;854;974;-15.773;-6.733
8062;368;0;1;0;0;0;1;0;0;0;0;0;0;0;1;0;1;0;1;-1052.29613095238;-1061.75;-1162.5;-930;-34.216;3.738
8063;369;0;0;1;0;0;1;0;0;1;1;1;0;1;1;0;1;0;1;1280.96796338673;1298.5;1137;1364.5;-20.031;-37.339
8064;370;0;1;0;0;0;1;0;0;1;1;0;0;0;1;0;1;0;1;1336.9118705036;1365.75;1047;1402.5;-18.083;35.596
8065;371;0;1;0;0;0;1;0;1;0;1;0;0;1;0;0;1;0;1;-928.961625282167;-1010.5;-1104;-98.5;-34.615;35.44
8161;372;0;0;1;0;0;1;1;1;0;1;0;0;0;0;0;1;0;0;487.4825;393;205.5;1260.5;-23.799;-0.047
8162;373;0;0;1;0;0;1;1;0;0;1;1;0;0;1;0;1;1;1;-1795.7626278277;-1873.5;-2199.5;-323;-42.485;-3.365
8164;374;0;0;1;0;0;1;0;0;0;1;0;0;0;1;0;1;0;1;-277.053333333333;-283;-403.5;-100.5;-34.974;-1.642
8165;375;0;0;1;0;0;1;1;1;1;1;0;0;0;0;0;1;1;1;185.973975773094;-296.25;-924;1964.5;-15.282;-16.136
8166;376;0;1;0;0;0;1;1;0;0;0;0;1;1;0;0;1;1;1;-1132.35676992691;-1138.5;-1712;-453;-29.684;26.946
8168;377;0;0;1;0;0;1;1;0;0;1;1;0;0;1;0;1;0;1;415.868421052632;427;115.5;640.5;-36.47;-18.263
8169;378;0;1;0;0;0;1;1;1;0;1;0;0;1;0;0;1;1;0;-807.787044220326;-761;-1084;-309.5;-22.847;23.277
8170;379;0;1;0;0;0;1;0;0;1;1;1;0;1;1;0;1;0;0;591.706896551724;565;370;821.5;-31.104;22.153
8171;380;0;0;1;0;0;1;1;0;0;1;1;1;0;0;0;1;0;0;957.434761441091;1008.5;253.5;1567.5;-24.826;-27.684
8173;381;0;0;1;0;0;1;1;1;1;1;0;0;0;1;0;1;1;0;1278.303732658;1126;168.5;3213.5;-31.324;-11.334
8174;382;0;0;1;0;0;1;0;0;1;0;0;0;0;1;0;1;0;1;-34.5017006802721;-71.5;-344;454.5;-44.773;-5.455
8176;383;0;0;1;0;0;1;1;1;0;1;0;0;1;0;0;1;1;1;-411.587543554007;-469.25;-634;972;-37.988;-11.77
8177;384;0;1;0;0;0;1;1;1;0;1;0;0;0;0;0;1;0;0;553.375461481664;575.5;358.5;753;-21.181;17.784
8181;385;0;1;0;0;0;1;1;0;0;1;1;0;0;1;0;1;0;0;-1410.83823529412;-1515;-1968;-619;-39.624;0.165
8182;386;0;1;0;0;0;1;1;0;1;1;0;0;0;1;0;1;0;0;-1092.10472972973;-1077.25;-1508;-669.5;-36.489;1.277
8184;387;0;1;0;0;0;1;0;0;1;0;0;0;0;1;0;1;0;0;-1319.1351981352;-1290.5;-1760.5;-1113.5;-44.278;12.194
8185;388;0;0;1;0;0;1;0;1;0;1;1;0;1;0;0;1;0;1;1652.45833333333;1654.5;1567;1686.5;-15.907;-24.649
8186;389;0;0;1;0;0;1;1;0;0;1;1;0;0;0;0;1;1;1;2001.51082543978;2004;1581.5;2415.5;-16.267;-27.482
8187;390;0;1;0;0;0;1;0;0;0;1;0;0;1;1;0;1;0;1;-1201.50915750916;-1389;-1529;-687;-43.388;10.536
8188;391;0;1;0;0;0;1;1;1;0;1;0;0;1;0;0;1;1;0;860.856699965553;885.5;501;1051.5;-21.471;10.411
8190;392;0;1;0;0;0;1;1;0;0;1;0;0;0;0;0;1;0;1;148.645971302428;131.5;22;982;-23.76;6.216
8191;393;0;1;0;0;0;1;0;0;0;1;0;0;0;1;0;1;0;1;1029.51644736842;1045.25;864;1156.5;-25.949;9.116
8192;394;0;1;0;0;0;1;1;0;0;1;0;0;0;0;0;1;0;0;1373.91120401338;1482.5;810;2097;-27.619;12.894
8193;395;0;1;0;0;0;1;1;0;0;1;1;0;0;0;0;1;0;0;1242.27906976744;1260;1078;1323.5;-25.991;12.447
8194;396;0;1;0;0;0;1;1;0;0;1;0;0;0;0;0;1;0;0;969.148148148148;979;886;1035.5;-26.824;14.415
8195;397;0;1;0;0;0;1;1;0;1;1;0;0;1;1;0;1;0;0;1281.20980453972;1298.5;621;1929;-30.18;16.634
8196;398;0;1;0;0;0;1;1;0;0;1;0;0;0;0;0;1;0;0;235.465841161401;224.5;142.5;410.5;-25.494;5.212
8197;399;0;1;0;0;0;1;1;1;0;1;0;0;1;0;0;1;0;0;-965.256679389313;-955.5;-1310;-631;-35.026;9.432
8201;400;0;1;0;0;0;1;1;0;0;1;0;0;1;0;0;1;0;0;129.672839506173;-1.75;-575;1083.5;-35.707;12.398
8202;401;0;0;1;0;0;1;1;0;0;1;1;0;0;0;0;1;0;0;504.632736156352;501.5;465.5;582.5;-26.248;-1.443
8204;402;0;1;0;0;0;1;1;0;0;1;1;0;0;0;0;1;0;0;-555.36880733945;-588;-641;-368.5;-25.008;38.585
1006;403;0;1;0;0;1;0;0;0;0;1;1;0;0;0;0;1;;1;-1720.85420315236;-1717;-1816.5;-1612;-57.043;51.071
1011;404;0;1;0;0;0;1;1;0;0;1;0;0;0;1;0;1;0;1;665.052200614125;625;-162;1782;-53.046;59.264
1012;405;0;1;0;0;0;1;0;0;0;1;0;0;0;1;0;1;0;1;529.169421487603;524.25;38.5;1057;-58.962;31.905
1018;406;0;1;0;0;0;1;1;0;1;1;0;0;0;1;0;1;0;0;-1168.40242510699;-1152;-1483;-878;-51.216;7.605
1021;407;0;1;0;0;0;1;1;0;0;1;0;0;1;0;0;1;0;1;-182.027259684362;-185.5;-1592.5;1066.5;-54.088;58.697
1035;408;0;0;1;0;0;1;0;1;0;1;1;0;0;0;0;1;0;1;-1326.19343065693;-1410;-1511;-591.5;-53.321;-14.677
1063;409;0;0;1;0;0;1;0;0;1;1;1;0;0;1;0;1;0;1;-567.854966139955;-367.75;-2035;167;-59.729;-4.719
2028;410;0;1;0;0;1;0;0;0;0;1;0;0;1;0;0;1;;1;-517.578947368421;-518.5;-535.5;-492.5;-1.283;54.097
2047;411;0;1;0;0;0;1;1;1;0;1;1;0;0;1;0;1;0;1;934.460416666667;942.75;375;1453.5;-6.043;28.622
1032;412;0;0;1;0;1;0;0;0;0;1;1;0;1;0;0;1;;1;639.831223628692;728.5;115.5;819.5;-48.633;-3
3001;413;0;1;0;0;0;1;1;1;0;1;0;0;0;1;0;0;0;1;-739.986851990984;-806.5;-1021;-128;81.12;19.662
3009;414;0;0;1;0;0;1;0;0;1;1;1;0;0;1;0;0;0;1;-331.436305732484;-134;-2145.5;234;92.057;-36.699
4006;415;0;1;0;0;0;1;0;0;0;0;0;0;0;1;1;0;0;1;376.942097957565;292;34;1641;164.137;14.955
4006;416;0;1;0;0;0;1;0;0;0;0;0;0;0;1;1;0;0;1;399.849816849817;407.5;298;498.5;165.215;15.392
4008;417;1;0;0;0;0;1;0;0;1;0;0;0;0;1;1;0;0;1;-272.708737864078;-276.5;-590.5;-30;172.155;71.436
6017;418;1;0;0;0;0;1;1;0;0;0;0;0;0;0;1;0;1;1;-424.262333890348;-467;-838.5;958;118.93;63.031
6058;419;0;1;0;0;0;1;0;0;0;1;0;0;1;1;0;0;0;1;634.357142857143;690;313;866.5;109.456;4.469
6058;420;0;1;0;0;0;1;1;0;0;1;0;0;0;1;0;0;0;0;658.5625;659.25;595.5;716;109.587;5.629
6068;421;0;1;0;0;0;1;0;0;0;1;1;0;0;1;1;0;0;1;876.994100294985;860;683;1136.5;154.494;17.911
6088;422;0;1;0;0;0;1;0;0;0;1;1;0;1;1;1;0;0;1;-413.814159292035;-371;-850.5;-164.5;141.441;26.408
6088;423;0;1;0;0;1;0;0;0;0;0;0;0;1;0;0;0;;1;334.065597667638;412;-247.5;752;140.7;26.964
6144;424;0;1;0;0;0;1;0;0;0;1;1;0;1;1;1;0;0;0;335.11273364486;313.75;144;535.5;142.685;22.493
7006;425;0;1;0;0;1;0;0;0;0;1;1;0;1;0;1;0;;1;476.191318327974;476;319;661;-143.785;31.119
1000;426;0;1;0;0;0;1;0;0;0;1;1;0;1;1;0;1;0;1;174.332493702771;189;-64;390;-55.336;45.349
1002;427;0;1;0;0;0;1;0;0;0;1;1;0;0;1;0;1;0;1;-1490.13209331652;-1504.5;-1841;-1126;-59.641;48.709
1003;428;0;1;0;0;0;1;1;0;0;1;1;0;1;1;0;1;0;1;-665.020234604106;-822.25;-1288;417;-59.486;42.306
1007;429;0;1;0;0;0;1;1;0;0;1;1;0;0;1;0;1;0;1;-1093.76234003656;-945.5;-2088;-167;-52.64;48.838
1010;430;0;1;0;0;0;1;0;0;0;1;1;0;0;1;0;1;0;1;-629.74275862069;-586;-1008.5;-480;-54.241;29.76
1082;431;0;1;0;0;0;1;0;0;1;1;1;0;1;1;0;1;0;1;565.633507853403;539.5;247.5;963.5;-44.888;38.568
2047;432;0;1;0;0;0;1;1;0;0;1;0;0;1;1;0;1;0;1;1204.73676612127;1303.5;-51.5;1934;-8.891;32.094
2047;433;0;1;0;0;0;1;1;0;0;1;0;0;1;1;0;1;0;1;965.028596187175;811;352.5;1541.5;-16.213;29.907
2047;434;0;1;0;0;0;1;1;1;0;1;0;0;0;1;0;1;0;1;866.849802970597;814;577.5;1870.5;-12.266;29.054
8064;435;0;1;0;0;0;1;1;1;1;1;0;0;0;1;0;1;0;0;960.495692511597;760.5;202;2396.5;-16.273;35.132
8177;436;0;1;0;0;0;1;0;0;0;1;0;0;0;1;0;1;1;0;994.911092530658;1130.5;124;1349.5;-17.71;20.805
8177;437;0;1;0;0;0;1;1;0;0;1;0;0;0;0;0;1;0;0;-223.373306233062;-365.75;-882;1033.5;-17.16;22.3
3007;438;0;1;0;0;0;1;0;1;0;1;0;0;0;0;0;0;0;0;-2670.49570200573;-2630.5;-2926;-2617;82.508;42.993
3007;439;0;1;0;0;0;1;0;0;1;1;0;0;0;1;0;0;0;1;-2828.39237668161;-2855.5;-3034;-2437.5;83.066;42.898
4002;440;0;1;0;0;0;1;1;0;0;1;0;0;0;1;1;0;0;1;1174.14240506329;1148.75;831.5;1540;174.751;17.847
5011;441;0;1;0;0;0;1;1;0;0;1;0;0;1;0;0;1;0;1;-648.679897567221;-622;-875.5;-517;23.359;5.694
5033;442;0;0;1;0;0;1;0;0;1;1;0;0;0;1;0;1;0;1;111.997485168945;237.25;-1350.5;1341.5;50.429;-4.647
5036;443;0;1;0;0;0;1;1;0;0;0;0;0;0;1;0;1;0;1;1183.27503090235;1155.5;419.5;1984.5;46.053;29.272
5037;444;0;0;1;0;0;1;1;0;0;1;0;0;1;0;0;0;1;1;-1916.36111111111;-1914;-1938;-1899;76.075;-12.787
5038;445;0;0;1;0;0;1;1;1;1;1;0;0;0;1;0;0;0;1;-626.541972920696;-296.25;-2141.5;386.5;66.024;-26.497
5045;446;0;0;1;0;0;1;1;0;0;1;0;1;1;0;0;0;0;1;-1302.27900552486;-1241.5;-1849;-815;71.337;-19.257
5048;447;0;0;1;0;0;1;0;0;1;1;1;0;0;1;0;1;0;1;2070.31627296588;2051;1531.5;2358.5;56.367;-11.114
5048;448;0;0;1;0;0;1;0;0;1;1;0;1;0;1;0;1;0;1;1408.2802690583;1411.25;879;1772;55.734;-11.033
5068;449;0;0;1;0;0;1;1;1;1;1;1;0;0;1;0;1;0;0;-9.10037012845635;-7.5;-668.5;1339.5;58.88;-29.18
5109;450;0;1;0;0;0;1;0;0;1;1;1;0;0;1;0;1;0;1;362.298231511254;396.25;-407;875;18.124;32.014
5113;451;0;1;0;0;0;1;0;1;0;0;0;0;1;0;0;1;0;1;-570.447368421053;-589;-674;-428;27.355;37.092
6013;452;0;1;0;0;0;1;0;0;1;1;1;0;1;0;1;0;0;1;-516.263505402161;-519;-689;-296.5;140.477;36.05
6023;453;0;1;0;0;0;1;0;0;1;1;1;0;0;1;0;0;0;1;-83.890671641791;-87;-204.5;42;111.336;55.215
6030;454;0;1;0;0;0;1;0;0;0;1;1;0;0;1;1;0;0;1;-762.939628482972;-741;-1153.5;-489.5;121.084;43.331
6031;455;0;1;0;0;0;1;1;0;1;1;1;0;0;1;1;0;0;0;420.644859813084;383.25;328;652.5;120.022;41.441
6031;456;0;1;0;0;1;0;0;0;0;1;1;0;0;0;1;0;;0;368.343866171004;402.5;-175.5;907.5;120.766;41.853
6034;457;0;1;0;0;1;0;0;0;0;1;1;0;0;0;1;0;;1;-747.997978981407;-712;-1061;-353.5;123.917;57.395
6037;458;0;1;0;0;1;0;0;0;0;1;0;0;0;0;1;0;;1;-902.148780487805;-873.5;-1142;-794;125.913;56.295
6050;459;0;1;0;0;0;1;0;0;0;1;1;0;1;1;1;0;1;1;1039.34549938348;1101.25;243;1521.5;130.21;43.514
6050;460;0;1;0;0;1;0;0;0;0;1;1;0;1;0;1;0;;0;516.572333016777;415;-65.5;1296.5;130.09;41.144
6109;461;0;1;0;0;0;1;1;0;0;1;0;0;0;1;0;0;0;0;963.33642578125;950.25;617;1314;119.823;34.384
6142;462;0;1;0;0;0;1;1;1;0;1;0;0;0;1;1;0;0;0;504.278035576179;616;-153;969.5;152.048;44.094
6142;463;0;1;0;0;0;1;0;1;1;1;0;0;0;1;1;0;0;1;-835.263166449935;-740.25;-1579.5;-236;169.521;46.954
7032;464;0;1;0;0;0;1;1;0;0;0;0;0;0;0;1;0;1;1;-1462.18410436423;-1501;-1784;-469.5;-128.459;58.445
7061;465;0;1;0;0;0;1;0;0;0;1;0;1;0;1;1;0;0;1;-825.926020408163;-688.25;-1677;-136.5;-138.769;9.637
7089;466;0;1;0;0;0;1;1;1;0;0;0;0;0;0;1;0;0;1;-1959.48368350469;-1975.5;-2112;-1723.5;-140.848;14.872
7118;467;0;0;1;0;0;1;1;0;0;1;0;0;0;0;1;0;0;1;611.162856520793;373;34.5;1773.5;-144.741;-4.884
7123;468;0;1;0;0;0;1;1;0;0;1;1;0;0;1;0;0;0;1;-1164.04231625835;-1181;-1646.5;-619;-108.464;19.442
7136;469;0;1;0;0;0;1;1;0;0;0;0;0;1;0;0;0;0;1;-1550.76482534525;-1559.5;-1800.5;-1267.5;-108.104;10.758
7161;470;0;0;1;0;0;1;1;1;1;1;0;0;1;1;0;0;0;0;-478.812901805372;-419.5;-1549;738.5;-65.468;-52.358
8019;471;0;0;1;0;0;1;1;0;0;1;0;1;1;1;0;1;0;0;-2051.99032929974;-2145.5;-3375.5;-280;-33.882;-58.521
8038;472;0;1;0;0;0;1;0;0;0;1;0;0;0;1;0;1;0;1;880.872549019608;800;704.5;1534.5;-15.951;1.474
8043;473;0;1;0;0;0;1;1;0;0;1;0;0;0;0;0;1;0;1;1563.68246445498;1669.25;1028;1762.5;-31.726;14.383
8043;474;0;1;0;0;0;1;1;0;0;1;0;0;0;1;0;1;0;1;1127.79519774011;1042;1015;1748.5;-31.052;14.716
8046;475;0;0;1;0;0;1;1;0;1;1;0;1;1;1;0;1;0;0;-122.393253295054;-22.5;-1249;1029.5;-27.804;-51.282
8055;476;0;1;0;0;0;1;1;0;0;1;0;0;0;1;0;1;0;1;698.203304597701;748.75;151;1143;-35.943;23.453
